id,firstName,lastName,email,gender,ipAddress
1,Tobit,Goodrum,tgoodrum0@php.net,Male,154.211.132.110
2,Stinky,Ballard,sballard1@odnoklassniki.ru,Male,56.37.37.150
3,Vanya,Golley,vgolley2@pinterest.com,Male,12.45.29.68
4,Cassandra,Pilfold,cpilfold3@harvard.edu,Female,9.39.30.38
5,Aristotle,Mesnard,amesnard4@fastcompany.com,Male,38.201.223.10
6,Horace,Dominicacci,hdominicacci5@lycos.com,Male,14.161.156.189
7,Daisy,Saddington,dsaddington6@live.com,Female,77.162.192.152
8,Rockwell,Yoodall,ryoodall7@gravatar.com,Male,47.185.244.160
9,Isobel,Malicki,imalicki8@360.cn,Female,222.137.30.28
10,Sibylle,Dand,sdand9@homestead.com,Female,76.210.159.134
11,Donall,Duny,ddunya@ftc.gov,Male,65.241.47.104
12,Jordan,Broune,jbrouneb@zdnet.com,Male,48.129.125.92
13,Berkie,Jurs,bjursc@census.gov,Male,14.82.156.78
14,Caroljean,Sarton,csartond@wired.com,Female,54.215.230.58
15,Gusti,Colledge,gcolledgee@unc.edu,Female,244.213.168.7
16,Richmound,Oneill,roneillf@shinystat.com,Male,188.186.255.114
17,Chancey,Stonelake,cstonelakeg@nsw.gov.au,Male,221.135.59.74
18,Kippy,Robens,krobensh@chron.com,Male,13.213.182.46
19,Cecil,Decaze,cdecazei@intel.com,Male,182.178.180.93
20,Vick,Blakey,vblakeyj@is.gd,Male,5.173.107.54
21,Abbott,Kamena,akamenak@pcworld.com,Male,206.175.65.56
22,Krishna,Juschke,kjuschkel@nymag.com,Male,18.13.192.9
23,Marco,Gawthorp,mgawthorpm@ed.gov,Male,225.181.165.102
24,Hyacinthie,Gillie,hgillien@privacy.gov.au,Female,14.196.232.71
25,Janeva,Sivill,jsivillo@xrea.com,Female,65.56.252.159
26,Filberte,Probart,fprobartp@engadget.com,Male,203.197.213.51
27,Peri,Leith-Harvey,pleithharveyq@sciencedaily.com,Female,166.199.89.63
28,Emlyn,Foxton,efoxtonr@cornell.edu,Male,29.186.96.39
29,Tina,Northall,tnorthalls@webmd.com,Female,92.249.215.240
30,Kahaleel,Helversen,khelversent@ehow.com,Male,203.254.247.232
31,Jaquenetta,Witard,jwitardu@domainmarket.com,Female,147.112.84.170
32,Benjamen,Bloomer,bbloomerv@reverbnation.com,Male,243.155.252.250
33,Madelena,Gittoes,mgittoesw@squarespace.com,Female,135.89.73.16
34,Isador,Ivetts,iivettsx@symantec.com,Male,227.93.44.219
35,Fedora,Lornsen,flornseny@ocn.ne.jp,Female,119.243.147.66
36,Murvyn,Bonallick,mbonallickz@apache.org,Male,13.131.16.201
37,Ervin,Baptista,ebaptista10@zimbio.com,Male,52.140.214.42
38,Heywood,Penwarden,hpenwarden11@cargocollective.com,Male,200.203.102.234
39,Gabriell,Simonaitis,gsimonaitis12@cnbc.com,Female,233.176.110.239
40,Catherina,Le Port,cleport13@msu.edu,Female,187.217.117.217
41,Tobie,Cicullo,tcicullo14@bing.com,Male,223.52.184.80
42,Gretta,Martyn,gmartyn15@state.tx.us,Female,163.160.79.171
43,Denver,Wheadon,dwheadon16@apache.org,Male,42.195.13.47
44,Lynnea,Shirt,lshirt17@nifty.com,Female,182.108.183.255
45,Cloe,Pohls,cpohls18@github.com,Female,225.14.29.103
46,Trudey,Larwell,tlarwell19@whitehouse.gov,Female,91.120.121.204
47,Lek,Miebes,lmiebes1a@si.edu,Male,87.169.160.37
48,Mildrid,Scocroft,mscocroft1b@usatoday.com,Female,235.8.163.179
49,Blair,Deverell,bdeverell1c@omniture.com,Female,37.185.158.32
50,Alexei,Irvine,airvine1d@goodreads.com,Male,221.22.64.58
51,Rab,Aizik,raizik1e@aol.com,Male,87.81.19.213
52,Davine,Maton,dmaton1f@theglobeandmail.com,Female,152.229.180.207
53,Griz,McCraine,gmccraine1g@smh.com.au,Male,238.239.33.137
54,Onida,McGrudder,omcgrudder1h@nationalgeographic.com,Female,82.108.33.154
55,Lissi,Wooldridge,lwooldridge1i@microsoft.com,Female,174.70.150.153
56,Harmon,Kirkam,hkirkam1j@woothemes.com,Male,214.121.106.246
57,Sal,Inglesfield,singlesfield1k@wiley.com,Male,109.241.40.92
58,Emylee,Corsan,ecorsan1l@xrea.com,Female,129.121.39.194
59,Calypso,Jarrett,cjarrett1m@kickstarter.com,Female,149.137.226.127
60,Eddie,Markson,emarkson1n@imgur.com,Male,165.251.36.64
61,Tarah,Claffey,tclaffey1o@smugmug.com,Female,188.171.72.180
62,Gerrilee,Trayton,gtrayton1p@addthis.com,Female,240.46.103.70
63,Tanya,Andrieu,tandrieu1q@hostgator.com,Female,154.223.77.72
64,Kurtis,Bendson,kbendson1r@utexas.edu,Male,87.123.51.88
65,Jose,Summerside,jsummerside1s@yahoo.com,Male,76.37.77.133
66,Rhiamon,Bucknill,rbucknill1t@google.co.jp,Female,209.118.61.39
67,Conney,Ballsdon,cballsdon1u@alexa.com,Male,138.98.207.22
68,Natalee,McMains,nmcmains1v@google.nl,Female,133.101.222.55
69,Luciana,Bantham,lbantham1w@xrea.com,Female,85.9.244.235
70,Viviene,Sackey,vsackey1x@wordpress.com,Female,39.88.62.86
71,Elva,Emanuele,eemanuele1y@weibo.com,Female,172.188.193.229
72,Margot,Buten,mbuten1z@studiopress.com,Female,162.216.42.12
73,Zacherie,Foulks,zfoulks20@guardian.co.uk,Male,208.184.1.0
74,Ulrick,Talby,utalby21@etsy.com,Male,102.188.209.71
75,Herb,Harg,hharg22@spiegel.de,Male,167.186.231.72
76,Clarke,Mariette,cmariette23@ehow.com,Male,98.159.11.175
77,Dulcea,Bulfit,dbulfit24@multiply.com,Female,18.215.247.208
78,Virgie,Mewha,vmewha25@dyndns.org,Male,203.109.72.71
79,Karylin,Dearman,kdearman26@samsung.com,Female,170.93.2.29
80,Lowe,Dullard,ldullard27@usda.gov,Male,93.205.145.189
81,Vanya,Titford,vtitford28@wikipedia.org,Female,182.101.7.223
82,Beck,Bruyet,bbruyet29@google.co.uk,Male,220.17.190.201
83,Pavia,Prover,pprover2a@barnesandnoble.com,Female,200.54.2.215
84,Andria,Deinhardt,adeinhardt2b@godaddy.com,Female,227.105.135.230
85,Letitia,Rhydderch,lrhydderch2c@discovery.com,Female,130.158.212.175
86,Corny,Ellesworth,cellesworth2d@smh.com.au,Female,2.248.230.58
87,Putnam,Danilyak,pdanilyak2e@geocities.jp,Male,7.2.241.186
88,Wolfgang,Brandle,wbrandle2f@biblegateway.com,Male,22.181.124.14
89,Carmon,Tills,ctills2g@cbslocal.com,Female,234.43.157.135
90,Kerianne,Rosie,krosie2h@nifty.com,Female,11.69.233.148
91,Verena,Gollin,vgollin2i@sina.com.cn,Female,64.220.128.21
92,Madeleine,Manilow,mmanilow2j@webs.com,Female,0.121.96.92
93,Linette,Northway,lnorthway2k@walmart.com,Female,14.11.176.102
94,Isidoro,Kitteringham,ikitteringham2l@baidu.com,Male,111.171.208.208
95,Phillip,Stainer,pstainer2m@nydailynews.com,Male,57.62.24.125
96,Devland,Bierman,dbierman2n@istockphoto.com,Male,93.219.9.152
97,Trisha,Ovell,tovell2o@zimbio.com,Female,171.59.250.112
98,Roosevelt,Kayes,rkayes2p@networkadvertising.org,Male,59.198.78.50
99,Guilbert,Cammidge,gcammidge2q@disqus.com,Male,116.17.210.206
100,Bob,Wenman,bwenman2r@bbc.co.uk,Male,243.159.129.203
101,Alistair,Legrave,alegrave2s@taobao.com,Male,161.187.242.130
102,Broderick,Louder,blouder2t@livejournal.com,Male,47.34.244.146
103,Launce,Spellman,lspellman2u@mozilla.com,Male,128.149.49.48
104,Delinda,Barritt,dbarritt2v@imageshack.us,Female,173.9.6.31
105,Stefanie,MacDavitt,smacdavitt2w@squidoo.com,Female,79.171.82.151
106,Trumann,Hedworth,thedworth2x@theatlantic.com,Male,46.190.164.54
107,Leigh,Ogbourne,logbourne2y@opera.com,Female,177.48.131.161
108,Shell,Cowherd,scowherd2z@chicagotribune.com,Male,40.87.108.85
109,Raul,Rosin,rrosin30@tmall.com,Male,86.173.214.143
110,Prentice,Blagden,pblagden31@unicef.org,Male,100.132.216.207
111,Saxon,Gaskins,sgaskins32@soundcloud.com,Male,117.110.104.78
112,Gussy,Loughran,gloughran33@oakley.com,Female,102.56.71.212
113,Kassandra,Noar,knoar34@4shared.com,Female,212.19.98.223
114,Tani,Kirkup,tkirkup35@pbs.org,Female,109.42.206.71
115,Sanson,Mounsie,smounsie36@blog.com,Male,65.88.166.68
116,Xever,Greenstead,xgreenstead37@cdc.gov,Male,28.171.202.116
117,Cort,Boath,cboath38@51.la,Male,190.107.224.253
118,Lucina,Murrigans,lmurrigans39@live.com,Female,146.124.1.154
119,Nerti,Odlin,nodlin3a@google.co.uk,Female,178.8.11.211
120,Maison,Fer,mfer3b@scientificamerican.com,Male,40.130.52.93
121,Merell,Krishtopaittis,mkrishtopaittis3c@deviantart.com,Male,165.73.223.181
122,Sayre,Blanpein,sblanpein3d@techcrunch.com,Male,136.80.182.147
123,Wendall,Ferreri,wferreri3e@scribd.com,Male,174.250.103.162
124,Rosella,Jeannon,rjeannon3f@xinhuanet.com,Female,64.190.104.195
125,Robinson,Caisley,rcaisley3g@hexun.com,Male,97.124.173.88
126,Mikey,Padwick,mpadwick3h@google.com.au,Male,55.245.157.71
127,Hillery,Waud,hwaud3i@yandex.ru,Male,96.218.209.218
128,Revkah,Anthoney,ranthoney3j@zdnet.com,Female,242.96.20.96
129,Sibelle,Gaize,sgaize3k@drupal.org,Female,30.67.220.95
130,Ernesto,Wanden,ewanden3l@cpanel.net,Male,236.2.166.252
131,Joyous,Gaynes,jgaynes3m@freewebs.com,Female,208.95.74.219
132,Loydie,Brede,lbrede3n@harvard.edu,Male,37.103.201.129
133,Delores,Blazy,dblazy3o@wiley.com,Female,140.94.144.176
134,Brook,Pounsett,bpounsett3p@princeton.edu,Female,23.50.212.126
135,Bud,Brookbank,bbrookbank3q@latimes.com,Male,218.64.234.135
136,Pippy,Tunnoch,ptunnoch3r@purevolume.com,Female,6.24.242.193
137,Ashely,Smethurst,asmethurst3s@google.ca,Female,99.9.248.31
138,Gloriana,Pabel,gpabel3t@nhs.uk,Female,198.109.149.202
139,Tiler,Casaccio,tcasaccio3u@livejournal.com,Male,9.180.111.62
140,Davis,Bolstridge,dbolstridge3v@sohu.com,Male,121.159.35.116
141,Benni,Bier,bbier3w@woothemes.com,Female,196.61.68.21
142,Archie,Hedlestone,ahedlestone3x@opensource.org,Male,111.48.227.221
143,Sholom,Scrivner,sscrivner3y@tuttocitta.it,Male,197.207.104.13
144,Marci,Spain-Gower,mspaingower3z@ihg.com,Female,235.151.12.32
145,Gallard,Darlison,gdarlison40@businessinsider.com,Male,142.3.205.38
146,Clari,Ballham,cballham41@reuters.com,Female,92.61.4.11
147,Rubina,Hastie,rhastie42@disqus.com,Female,110.75.209.249
148,Gregoire,Hugonet,ghugonet43@bizjournals.com,Male,34.74.252.235
149,Bax,Reely,breely44@canalblog.com,Male,124.16.123.198
150,Glenn,Abad,gabad45@elpais.com,Female,183.239.22.178
151,Hedi,Benitez,hbenitez46@comcast.net,Female,31.136.234.138
152,Timmy,McGaughie,tmcgaughie47@princeton.edu,Female,208.199.21.148
153,Early,Usborn,eusborn48@paypal.com,Male,195.183.53.85
154,Helge,Kern,hkern49@eventbrite.com,Female,249.110.96.72
155,Reagan,Beltzner,rbeltzner4a@google.cn,Male,169.61.91.232
156,Kori,Phinn,kphinn4b@zdnet.com,Female,124.188.217.88
157,Ulrick,Sherrum,usherrum4c@squidoo.com,Male,31.145.29.96
158,Karlis,Oubridge,koubridge4d@edublogs.org,Male,131.70.175.9
159,Sadie,Mollin,smollin4e@techcrunch.com,Female,230.121.57.197
160,Lucie,Tute,ltute4f@hud.gov,Female,176.48.34.137
161,Adolph,Nash,anash4g@usgs.gov,Male,200.162.22.250
162,Morena,Bilton,mbilton4h@dagondesign.com,Female,63.3.116.0
163,Catha,Gabe,cgabe4i@51.la,Female,74.67.137.51
164,Irv,Barrows,ibarrows4j@diigo.com,Male,165.7.132.236
165,Ashlen,Sacher,asacher4k@ask.com,Female,210.236.40.237
166,Rand,Clue,rclue4l@goodreads.com,Male,36.57.81.215
167,Cortie,Dorbon,cdorbon4m@google.cn,Male,11.79.92.91
168,Devin,Tocqueville,dtocqueville4n@cnn.com,Female,217.218.49.231
169,Bondy,Campling,bcampling4o@hostgator.com,Male,248.164.200.111
170,Haley,Crann,hcrann4p@theatlantic.com,Male,79.0.44.164
171,Cob,Bollam,cbollam4q@washingtonpost.com,Male,188.169.24.21
172,Karney,Lightning,klightning4r@google.ca,Male,150.188.96.216
173,Dalton,Motte,dmotte4s@angelfire.com,Male,157.155.83.140
174,Amber,Kelway,akelway4t@symantec.com,Female,132.248.46.183
175,Arabella,Mecchi,amecchi4u@domainmarket.com,Female,76.17.234.248
176,Siobhan,Reavey,sreavey4v@blog.com,Female,201.210.107.252
177,Adan,Yanele,ayanele4w@about.com,Female,39.185.148.144
178,Sarge,Ends,sends4x@privacy.gov.au,Male,232.200.151.244
179,Gray,Senten,gsenten4y@bandcamp.com,Female,84.93.18.15
180,Christoper,Fordyce,cfordyce4z@hubpages.com,Male,215.26.69.85
181,Rancell,Ruddick,rruddick50@slate.com,Male,100.186.87.64
182,Danyelle,Steadman,dsteadman51@go.com,Female,204.75.1.136
183,Noreen,Boulton,nboulton52@homestead.com,Female,49.166.116.15
184,Briggs,Sneyd,bsneyd53@furl.net,Male,220.190.255.196
185,Imogen,Cornborough,icornborough54@aboutads.info,Female,35.234.191.97
186,Kira,Amsberger,kamsberger55@slideshare.net,Female,56.174.83.124
187,Cooper,Bamlet,cbamlet56@tamu.edu,Male,77.251.89.75
188,Allx,Marcombe,amarcombe57@feedburner.com,Female,23.242.198.172
189,Odella,Caistor,ocaistor58@wikimedia.org,Female,215.128.38.57
190,Salmon,Birdsall,sbirdsall59@biblegateway.com,Male,230.239.73.115
191,Candide,Joel,cjoel5a@liveinternet.ru,Female,226.231.67.207
192,Bobina,Rasp,brasp5b@latimes.com,Female,239.0.101.50
193,Parsifal,Barbey,pbarbey5c@shareasale.com,Male,165.7.144.235
194,Spencer,Blatcher,sblatcher5d@tmall.com,Male,63.155.195.211
195,Mitch,Molloy,mmolloy5e@apache.org,Male,228.242.199.29
196,Juliet,Margrett,jmargrett5f@hatena.ne.jp,Female,11.56.79.30
197,Weider,Whitelaw,wwhitelaw5g@phoca.cz,Male,102.70.21.155
198,Owen,Addenbrooke,oaddenbrooke5h@hugedomains.com,Male,255.62.10.93
199,Carline,Skipsea,cskipsea5i@ning.com,Female,115.121.187.65
200,Vasilis,Petschel,vpetschel5j@reuters.com,Male,202.101.25.56
201,Iolanthe,Moyles,imoyles5k@lulu.com,Female,119.128.63.101
202,Morie,Henighan,mhenighan5l@chronoengine.com,Male,255.228.77.171
203,Goldi,Noli,gnoli5m@4shared.com,Female,238.233.0.174
204,Horten,Marin,hmarin5n@storify.com,Male,89.123.62.55
205,Letitia,Critzen,lcritzen5o@skyrock.com,Female,128.72.93.41
206,Zechariah,Girt,zgirt5p@blinklist.com,Male,228.141.62.38
207,Diarmid,Mandry,dmandry5q@themeforest.net,Male,18.131.163.209
208,Brandi,Bertson,bbertson5r@meetup.com,Female,50.119.193.52
209,Egan,Reinhardt,ereinhardt5s@webmd.com,Male,252.253.83.213
210,Siobhan,Scranney,sscranney5t@so-net.ne.jp,Female,17.229.91.137
211,Tadd,Oldridge,toldridge5u@nih.gov,Male,83.200.124.219
212,Gabrila,Crolly,gcrolly5v@theglobeandmail.com,Female,133.139.238.200
213,Ernestine,Tondeur,etondeur5w@boston.com,Female,10.114.211.19
214,Rora,Signorelli,rsignorelli5x@hostgator.com,Female,106.214.235.254
215,Sherlocke,Buckthorp,sbuckthorp5y@ox.ac.uk,Male,183.204.60.103
216,Lucilia,Frawley,lfrawley5z@washingtonpost.com,Female,98.251.250.245
217,Walton,Ruddock,wruddock60@ted.com,Male,180.254.204.175
218,Riordan,Treuge,rtreuge61@zimbio.com,Male,28.247.127.163
219,Glen,Oyley,goyley62@cyberchimps.com,Male,62.0.115.219
220,Mikol,Tarr,mtarr63@oracle.com,Male,116.220.196.197
221,Saba,Ducker,sducker64@chronoengine.com,Female,87.204.241.253
222,Eduard,Sawer,esawer65@reddit.com,Male,153.55.74.10
223,Adaline,McCloid,amccloid66@cnn.com,Female,203.159.41.212
224,Tiphanie,Edling,tedling67@jalbum.net,Female,244.50.146.190
225,Kristina,Bortolozzi,kbortolozzi68@home.pl,Female,58.176.56.44
226,Bree,Kubyszek,bkubyszek69@wikispaces.com,Female,220.233.112.33
227,Elaina,Manus,emanus6a@intel.com,Female,245.151.121.119
228,Emelyne,Simonsen,esimonsen6b@i2i.jp,Female,116.109.29.118
229,Rik,Sange,rsange6c@deviantart.com,Male,186.164.240.222
230,Deanna,Brade,dbrade6d@yellowbook.com,Female,9.7.184.252
231,Catie,Hanwright,chanwright6e@bravesites.com,Female,196.162.250.115
232,Dodie,Cisar,dcisar6f@umn.edu,Female,203.170.197.24
233,Kale,Shipcott,kshipcott6g@fastcompany.com,Male,117.112.107.160
234,Willa,Pedri,wpedri6h@dmoz.org,Female,213.32.51.245
235,Drusie,Clitsome,dclitsome6i@homestead.com,Female,111.129.191.192
236,Bea,Kerans,bkerans6j@bigcartel.com,Female,203.101.84.96
237,Ivar,Adanez,iadanez6k@yolasite.com,Male,74.25.198.230
238,Kearney,Copes,kcopes6l@mayoclinic.com,Male,31.5.200.201
239,Brenn,Zoanetti,bzoanetti6m@xrea.com,Female,4.225.23.142
240,Linnie,Amiable,lamiable6n@facebook.com,Female,146.116.37.178
241,Valli,Buckham,vbuckham6o@telegraph.co.uk,Female,211.140.83.52
242,Juliet,Mizzen,jmizzen6p@twitter.com,Female,46.185.154.218
243,Anselma,Basnall,abasnall6q@deliciousdays.com,Female,132.188.119.238
244,Lisle,Solway,lsolway6r@foxnews.com,Male,193.168.129.19
245,Linzy,Nevitt,lnevitt6s@artisteer.com,Female,36.129.72.57
246,Erick,Gimbrett,egimbrett6t@npr.org,Male,98.181.170.58
247,Essie,Martynikhin,emartynikhin6u@blogs.com,Female,120.32.48.58
248,Myrilla,Petherick,mpetherick6v@shareasale.com,Female,123.159.208.65
249,Myrvyn,Vernall,mvernall6w@4shared.com,Male,222.180.237.20
250,Eldin,Jacquemy,ejacquemy6x@bravesites.com,Male,81.124.61.225
251,Gabe,Jansema,gjansema6y@cisco.com,Male,12.220.63.40
252,Anna,de Chastelain,adechastelain6z@last.fm,Female,192.16.209.13
253,Eddi,Roskelly,eroskelly70@aboutads.info,Female,138.59.244.131
254,Annabel,Arthars,aarthars71@army.mil,Female,5.39.1.92
255,Lane,Pentin,lpentin72@youtu.be,Male,52.148.246.60
256,Joeann,Byford,jbyford73@instagram.com,Female,202.180.37.201
257,Joey,Nolder,jnolder74@simplemachines.org,Male,215.180.15.23
258,Ev,O'Heyne,eoheyne75@biblegateway.com,Male,172.82.30.72
259,Massimiliano,Kleen,mkleen76@taobao.com,Male,154.104.3.4
260,Frederica,Venediktov,fvenediktov77@themeforest.net,Female,255.112.107.193
261,Farrel,Cheasman,fcheasman78@flickr.com,Male,21.58.170.122
262,Wells,Segeswoeth,wsegeswoeth79@surveymonkey.com,Male,116.245.7.187
263,Lisetta,Franzelini,lfranzelini7a@state.tx.us,Female,39.49.104.170
264,Natalya,Murray,nmurray7b@twitter.com,Female,111.241.28.194
265,Chelsea,Liverock,cliverock7c@howstuffworks.com,Female,122.16.102.26
266,Demetre,Playfair,dplayfair7d@constantcontact.com,Male,231.245.205.90
267,Glendon,Beechcraft,gbeechcraft7e@npr.org,Male,135.201.242.212
268,Jeralee,Simonato,jsimonato7f@joomla.org,Female,102.35.213.242
269,Ingrim,Michiel,imichiel7g@nature.com,Male,93.113.61.120
270,Con,Creenan,ccreenan7h@imgur.com,Male,119.117.200.178
271,Penni,Highman,phighman7i@state.tx.us,Female,132.204.22.35
272,Robbyn,Braznell,rbraznell7j@sohu.com,Female,75.109.191.183
273,Barbaraanne,Thornthwaite,bthornthwaite7k@illinois.edu,Female,159.55.180.46
274,Mara,Talks,mtalks7l@dyndns.org,Female,206.94.151.5
275,Barnie,Fiander,bfiander7m@cnet.com,Male,157.43.226.168
276,Kalil,Fairfull,kfairfull7n@liveinternet.ru,Male,137.50.131.100
277,Brett,Roomes,broomes7o@prnewswire.com,Female,235.116.25.181
278,Rand,Christer,rchrister7p@istockphoto.com,Male,231.88.142.101
279,Drona,Avo,davo7q@alibaba.com,Female,129.245.115.68
280,Erika,Croy,ecroy7r@meetup.com,Female,136.64.148.9
281,Lishe,Swinburne,lswinburne7s@japanpost.jp,Female,238.83.249.226
282,Fernandina,Spinozzi,fspinozzi7t@google.fr,Female,119.41.218.19
283,Udell,Stote,ustote7u@pinterest.com,Male,82.36.253.134
284,Caddric,Lortzing,clortzing7v@fc2.com,Male,45.112.244.1
285,Lucias,De Antoni,ldeantoni7w@amazon.co.uk,Male,70.137.213.0
286,Jervis,Cheltnam,jcheltnam7x@opera.com,Male,164.66.149.97
287,Ernestus,Lamswood,elamswood7y@princeton.edu,Male,12.196.151.153
288,Clayson,Matskevich,cmatskevich7z@nasa.gov,Male,20.4.220.242
289,Kerianne,Di Meo,kdimeo80@flickr.com,Female,8.154.226.223
290,Phil,Mordan,pmordan81@wikia.com,Female,105.92.120.135
291,Dede,Chasteau,dchasteau82@wix.com,Female,51.212.231.198
292,Wernher,Sawell,wsawell83@usda.gov,Male,77.225.18.85
293,Arnaldo,Lattey,alattey84@wiley.com,Male,231.191.98.145
294,Ally,Fleisch,afleisch85@ucoz.ru,Female,35.195.231.82
295,Flossy,Hoble,fhoble86@amazon.de,Female,183.74.9.55
296,Peyter,Sollett,psollett87@usda.gov,Male,249.190.85.184
297,Barnaby,Monelle,bmonelle88@cornell.edu,Male,148.162.217.41
298,Benjy,Grisley,bgrisley89@over-blog.com,Male,85.44.76.66
299,Sammie,Belasco,sbelasco8a@tiny.cc,Male,78.86.177.132
300,Luther,Girke,lgirke8b@earthlink.net,Male,111.38.92.185
301,Leslie,Gewer,lgewer8c@fotki.com,Female,206.138.32.90
302,Inglis,Beart,ibeart8d@gmpg.org,Male,197.112.46.221
303,Jami,Hayle,jhayle8e@symantec.com,Female,91.145.167.118
304,Bret,Gasparro,bgasparro8f@odnoklassniki.ru,Male,50.117.33.209
305,Griz,Baudassi,gbaudassi8g@washington.edu,Male,66.173.203.130
306,Xylina,Andretti,xandretti8h@imageshack.us,Female,242.149.162.142
307,Cecil,Geraghty,cgeraghty8i@hao123.com,Female,253.187.241.121
308,Aleda,Crisford,acrisford8j@i2i.jp,Female,253.182.44.180
309,Rodd,Bafford,rbafford8k@over-blog.com,Male,248.121.239.186
310,Corina,McCree,cmccree8l@reuters.com,Female,69.60.236.173
311,Wylie,Grunguer,wgrunguer8m@sogou.com,Male,82.7.90.8
312,Kippy,Switzer,kswitzer8n@chicagotribune.com,Male,47.206.175.241
313,Dan,Carman,dcarman8o@feedburner.com,Male,66.148.170.126
314,Shantee,Matysiak,smatysiak8p@reuters.com,Female,208.208.72.97
315,Cecilio,Stothert,cstothert8q@soup.io,Male,177.102.83.226
316,Corinne,Garratty,cgarratty8r@netscape.com,Female,193.49.26.38
317,Inness,Blasiak,iblasiak8s@nbcnews.com,Male,76.198.216.206
318,Ardis,Marfell,amarfell8t@washington.edu,Female,253.63.224.204
319,Roger,Mulder,rmulder8u@networkadvertising.org,Male,32.212.234.124
320,Dulce,Cotes,dcotes8v@slate.com,Female,91.28.3.40
321,Cherice,Birkwood,cbirkwood8w@epa.gov,Female,206.151.67.65
322,Lyndsay,Stygall,lstygall8x@mtv.com,Female,80.52.169.28
323,Marmaduke,Malthouse,mmalthouse8y@g.co,Male,9.237.72.193
324,Erhard,Rideout,erideout8z@google.com.br,Male,77.206.15.146
325,Berton,Cromb,bcromb90@usa.gov,Male,247.36.1.35
326,Amelia,Teodorski,ateodorski91@sourceforge.net,Female,152.34.137.242
327,Janaya,Delgado,jdelgado92@ca.gov,Female,45.95.253.229
328,Paolina,Norwood,pnorwood93@delicious.com,Female,41.250.233.115
329,Paulita,Filmer,pfilmer94@psu.edu,Female,136.5.140.229
330,Bernadette,Giovanardi,bgiovanardi95@jiathis.com,Female,73.119.178.249
331,Conway,Crankshaw,ccrankshaw96@gravatar.com,Male,127.167.41.218
332,Hewett,Pechard,hpechard97@independent.co.uk,Male,140.145.188.89
333,Dougie,Dunham,ddunham98@ifeng.com,Male,253.112.67.226
334,Sly,Aliberti,saliberti99@livejournal.com,Male,195.237.225.64
335,Fee,Janczyk,fjanczyk9a@loc.gov,Male,56.255.12.55
336,Hort,Manger,hmanger9b@instagram.com,Male,8.75.64.188
337,Melony,Gotfrey,mgotfrey9c@i2i.jp,Female,157.242.155.247
338,Donall,Cescotti,dcescotti9d@baidu.com,Male,155.219.182.180
339,Judah,MacMillan,jmacmillan9e@npr.org,Male,241.239.179.126
340,Pepito,Berndtsson,pberndtsson9f@google.com.hk,Male,133.74.13.215
341,Jacquie,Molnar,jmolnar9g@ameblo.jp,Female,50.158.195.68
342,Gertrud,Albon,galbon9h@geocities.com,Female,160.43.232.83
343,Randene,Shakelade,rshakelade9i@behance.net,Female,108.86.147.236
344,Page,Fincher,pfincher9j@xinhuanet.com,Male,124.74.11.177
345,Hussein,Till,htill9k@accuweather.com,Male,170.254.65.38
346,Thekla,Ossipenko,tossipenko9l@about.com,Female,31.196.60.117
347,Vyky,Janatka,vjanatka9m@t-online.de,Female,95.92.154.24
348,Bertrand,Gascar,bgascar9n@printfriendly.com,Male,57.205.102.21
349,Sibylle,Linkleter,slinkleter9o@vinaora.com,Female,98.132.95.188
350,Clea,Delwater,cdelwater9p@smh.com.au,Female,46.255.8.194
351,Aluino,Tureville,atureville9q@foxnews.com,Male,102.243.32.16
352,Hall,Eddowis,heddowis9r@sciencedaily.com,Male,255.77.30.70
353,Hilario,Arnet,harnet9s@zimbio.com,Male,124.105.6.113
354,Ashley,Pretley,apretley9t@surveymonkey.com,Female,114.108.255.229
355,Kippie,Ewebank,kewebank9u@nature.com,Female,177.214.243.157
356,Jermain,Acosta,jacosta9v@e-recht24.de,Male,241.109.24.169
357,North,Bage,nbage9w@cargocollective.com,Male,38.202.3.90
358,Leonardo,Oughton,loughton9x@blogger.com,Male,43.173.248.9
359,Dannie,Kinsell,dkinsell9y@patch.com,Female,99.27.184.175
360,Carla,Philippart,cphilippart9z@netscape.com,Female,8.109.89.225
361,Austina,Camilleri,acamilleria0@howstuffworks.com,Female,27.17.38.121
362,Kylila,Vesty,kvestya1@adobe.com,Female,102.209.215.186
363,Palm,Riding,pridinga2@yellowbook.com,Male,247.214.246.42
364,Jarrett,Frascone,jfrasconea3@cbsnews.com,Male,84.215.45.245
365,Sandye,Beaver,sbeavera4@e-recht24.de,Female,150.171.32.80
366,Brewster,Fritchley,bfritchleya5@forbes.com,Male,144.144.39.113
367,Celia,Maud,cmauda6@cbsnews.com,Female,229.23.144.91
368,Dehlia,Ibbotson,dibbotsona7@walmart.com,Female,160.78.119.199
369,Raff,Atley,ratleya8@github.io,Male,223.218.113.65
370,Anna,Snarr,asnarra9@sfgate.com,Female,120.55.245.109
371,Petunia,Coultard,pcoultardaa@ebay.com,Female,195.74.38.166
372,Dorene,Stennet,dstennetab@harvard.edu,Female,185.1.125.248
373,Aloin,Mistry,amistryac@ed.gov,Male,29.95.14.29
374,Fee,Stickells,fstickellsad@uol.com.br,Male,30.162.89.39
375,Farley,D'Hooghe,fdhoogheae@chronoengine.com,Male,105.165.103.235
376,Korie,Lumb,klumbaf@cpanel.net,Female,196.222.113.43
377,Shel,Linguard,slinguardag@statcounter.com,Female,102.218.208.36
378,Spenser,Soots,ssootsah@unesco.org,Male,79.240.187.111
379,Ulrick,Grundey,ugrundeyai@ucoz.com,Male,195.205.33.153
380,Cecilia,Dugald,cdugaldaj@cnn.com,Female,72.54.177.129
381,Sancho,Moquin,smoquinak@networkadvertising.org,Male,84.147.135.67
382,Jayme,Souttar,jsouttaral@biglobe.ne.jp,Male,73.69.69.209
383,Myrlene,Labrone,mlabroneam@dell.com,Female,28.7.125.158
384,Conan,Long,clongan@biglobe.ne.jp,Male,252.74.90.172
385,Stormie,Heinel,sheinelao@slideshare.net,Female,227.245.203.89
386,Bette-ann,Strathdee,bstrathdeeap@vk.com,Female,254.43.112.21
387,Lauren,Nazareth,lnazarethaq@spiegel.de,Male,12.249.246.215
388,Marlyn,Targe,mtargear@barnesandnoble.com,Female,108.10.58.131
389,Sylvester,Kennefick,skennefickas@studiopress.com,Male,37.206.46.231
390,Burt,Scraney,bscraneyat@ucsd.edu,Male,36.125.138.196
391,Raina,Leadley,rleadleyau@mozilla.com,Female,134.171.141.54
392,Amie,Annett,aannettav@homestead.com,Female,246.166.139.85
393,Aura,Chazelle,achazelleaw@dion.ne.jp,Female,190.189.236.158
394,Sharai,Jaulmes,sjaulmesax@nymag.com,Female,205.196.4.54
395,Tyrone,McGrady,tmcgradyay@t.co,Male,158.143.27.143
396,Neel,Lorrain,nlorrainaz@netscape.com,Male,252.9.208.154
397,Ambrosio,Ruddlesden,aruddlesdenb0@cnn.com,Male,206.169.240.234
398,Ingemar,Stanmore,istanmoreb1@hao123.com,Male,208.119.91.223
399,Phillis,Smallridge,psmallridgeb2@over-blog.com,Female,48.43.135.34
400,Haskell,Monini,hmoninib3@timesonline.co.uk,Male,130.187.246.53
401,Fayre,Hamp,fhampb4@cyberchimps.com,Female,221.254.22.185
402,Ursula,Waller-Bridge,uwallerbridgeb5@biblegateway.com,Female,91.244.7.138
403,Virginie,Lavalle,vlavalleb6@imageshack.us,Female,75.170.176.182
404,Elianora,Lynagh,elynaghb7@hatena.ne.jp,Female,121.200.12.241
405,Gertrude,Heathorn,gheathornb8@engadget.com,Female,225.92.32.38
406,Nicky,Musson,nmussonb9@cdc.gov,Male,58.193.135.37
407,Kathlin,Worton,kwortonba@theglobeandmail.com,Female,164.203.123.151
408,Sayres,Somerville,ssomervillebb@nytimes.com,Male,124.160.179.35
409,Talbot,Colten,tcoltenbc@china.com.cn,Male,210.25.82.105
410,Meryl,Spriddle,mspriddlebd@vkontakte.ru,Female,118.1.226.30
411,Akim,Esslement,aesslementbe@scribd.com,Male,143.210.163.55
412,Fonz,Kunath,fkunathbf@wikispaces.com,Male,4.212.152.230
413,Augustina,Woolis,awoolisbg@pinterest.com,Female,149.134.196.102
414,Kienan,Mundell,kmundellbh@dailymotion.com,Male,64.67.27.189
415,Lauryn,Fairlamb,lfairlambbi@weibo.com,Female,202.143.233.199
416,Bendick,Ridgewell,bridgewellbj@liveinternet.ru,Male,157.131.104.26
417,Vinnie,Tomkiss,vtomkissbk@cbc.ca,Male,145.56.25.223
418,Vladamir,Lesek,vlesekbl@live.com,Male,70.224.241.248
419,Tessie,Merredy,tmerredybm@tamu.edu,Female,7.146.213.42
420,Reg,Kilfoyle,rkilfoylebn@odnoklassniki.ru,Male,28.252.163.165
421,Antonio,Gellibrand,agellibrandbo@a8.net,Male,227.169.62.243
422,Kelcy,Ravilus,kravilusbp@plala.or.jp,Female,67.239.119.215
423,Chrystel,Briggs,cbriggsbq@e-recht24.de,Female,128.236.236.212
424,Eadith,Dunmuir,edunmuirbr@scientificamerican.com,Female,143.105.53.166
425,Nicki,Leonards,nleonardsbs@opera.com,Female,194.38.39.113
426,Gayler,Bertot,gbertotbt@tumblr.com,Male,185.142.24.101
427,Mahmud,Trimble,mtrimblebu@google.es,Male,153.13.119.196
428,Gerry,Dearlove,gdearlovebv@marriott.com,Female,171.124.193.232
429,Edie,De Filippo,edefilippobw@deviantart.com,Female,205.126.16.218
430,Dalis,Aspey,daspeybx@gov.uk,Male,0.122.225.12
431,Kissiah,Elvidge,kelvidgeby@google.ca,Female,96.193.11.210
432,Gabie,Dreelan,gdreelanbz@fastcompany.com,Male,107.139.182.219
433,Cyrus,Shavel,cshavelc0@auda.org.au,Male,201.85.14.184
434,Roslyn,Shimon,rshimonc1@huffingtonpost.com,Female,7.104.248.199
435,Tome,Trice,ttricec2@mapy.cz,Male,200.71.222.223
436,Barnie,Bette,bbettec3@google.ca,Male,99.115.10.8
437,Ignacio,Dunbobin,idunbobinc4@businesswire.com,Male,174.21.83.200
438,Christye,Weepers,cweepersc5@noaa.gov,Female,88.8.17.90
439,Westbrooke,MacMechan,wmacmechanc6@list-manage.com,Male,222.5.118.22
440,Jeanelle,Sabatini,jsabatinic7@printfriendly.com,Female,53.62.234.112
441,Maury,Bauser,mbauserc8@slashdot.org,Male,73.213.202.95
442,Noam,Deer,ndeerc9@wordpress.org,Male,195.198.133.146
443,Fremont,Dimitrov,fdimitrovca@craigslist.org,Male,220.64.151.50
444,Juliana,McGeaney,jmcgeaneycb@simplemachines.org,Female,64.59.7.171
445,Cliff,Waszczyk,cwaszczykcc@va.gov,Male,65.34.71.67
446,Rudolfo,Berr,rberrcd@biglobe.ne.jp,Male,113.228.242.134
447,Celinda,Hegg,cheggce@google.co.uk,Female,181.70.18.193
448,Violette,Varley,vvarleycf@drupal.org,Female,242.40.232.110
449,Gustave,Triner,gtrinercg@goo.ne.jp,Male,19.120.171.171
450,Karl,Buffey,kbuffeych@mediafire.com,Male,161.175.145.163
451,Nicolais,Attiwill,nattiwillci@cornell.edu,Male,119.86.217.228
452,Damiano,Livock,dlivockcj@goo.gl,Male,43.154.245.12
453,Petr,Zupo,pzupock@mlb.com,Male,181.21.239.224
454,Nicolle,Portwaine,nportwainecl@nifty.com,Female,101.217.202.58
455,Brand,Thomann,bthomanncm@phpbb.com,Male,194.107.46.241
456,Lynne,Abell,labellcn@independent.co.uk,Female,233.89.190.4
457,Siouxie,MacCosty,smaccostyco@npr.org,Female,144.82.59.149
458,Lynnea,Lucio,lluciocp@theglobeandmail.com,Female,101.120.208.220
459,Polly,Rome,promecq@umn.edu,Female,161.119.146.114
460,Amalie,Biddlecombe,abiddlecombecr@thetimes.co.uk,Female,37.104.96.184
461,Vivianna,Bollins,vbollinscs@indiegogo.com,Female,21.41.74.1
462,Georgy,Jenteau,gjenteauct@linkedin.com,Male,126.108.116.35
463,Elysha,Boler,ebolercu@ox.ac.uk,Female,68.12.175.92
464,Lamond,Eyam,leyamcv@amazon.com,Male,54.132.22.202
465,Alleyn,Leicester,aleicestercw@nymag.com,Male,167.56.91.28
466,Jeniffer,Reede,jreedecx@ibm.com,Female,44.53.145.171
467,Germayne,Veryard,gveryardcy@dmoz.org,Male,209.2.222.171
468,Nell,Riddle,nriddlecz@weather.com,Female,63.97.196.187
469,Noll,Caistor,ncaistord0@google.com,Male,247.199.227.178
470,Leah,Kennet,lkennetd1@hhs.gov,Female,232.209.24.68
471,Raddie,Petri,rpetrid2@tuttocitta.it,Male,57.11.190.56
472,Yetta,McKnish,ymcknishd3@spotify.com,Female,3.59.99.101
473,Darn,Lichfield,dlichfieldd4@msu.edu,Male,29.196.190.153
474,Farris,Rontree,frontreed5@parallels.com,Male,20.240.116.174
475,Mickie,Shinton,mshintond6@nature.com,Female,144.242.248.55
476,Vittoria,Wistance,vwistanced7@ebay.co.uk,Female,13.220.65.61
477,Evvy,Timcke,etimcked8@ustream.tv,Female,199.9.229.11
478,Pietro,Crozier,pcrozierd9@intel.com,Male,127.81.247.192
479,Brand,Dach,bdachda@yahoo.co.jp,Male,22.193.203.105
480,Garvy,Offin,goffindb@lulu.com,Male,159.243.92.50
481,Calv,Winchester,cwinchesterdc@imgur.com,Male,151.130.162.118
482,Aeriela,Aizikovitch,aaizikovitchdd@free.fr,Female,236.234.41.0
483,Richie,Cussons,rcussonsde@tripadvisor.com,Male,222.119.37.214
484,Rasla,Antram,rantramdf@printfriendly.com,Female,86.9.173.115
485,Osmond,Scudders,oscuddersdg@amazon.com,Male,99.210.221.196
486,Ruthann,Suddards,rsuddardsdh@telegraph.co.uk,Female,32.55.151.17
487,Chrissie,Rawsthorne,crawsthornedi@indiegogo.com,Female,167.240.163.187
488,Leroi,Nieass,lnieassdj@soundcloud.com,Male,35.228.55.55
489,Melesa,Lemmanbie,mlemmanbiedk@goodreads.com,Female,167.63.22.207
490,Erasmus,Battill,ebattilldl@purevolume.com,Male,228.246.8.251
491,Orran,Pocke,opockedm@ow.ly,Male,172.52.239.11
492,Teodora,Da Costa,tdacostadn@nps.gov,Female,124.208.82.71
493,Georgianna,Snoden,gsnodendo@usa.gov,Female,4.189.246.28
494,Amalle,Tuminelli,atuminellidp@mysql.com,Female,104.75.13.237
495,Joelie,Goldstraw,jgoldstrawdq@i2i.jp,Female,240.57.227.253
496,Shannan,Esler,seslerdr@aboutads.info,Male,100.161.178.123
497,Meta,Jantzen,mjantzends@soundcloud.com,Female,165.86.61.230
498,Leonard,Checo,lchecodt@furl.net,Male,137.236.39.181
499,Dur,Garett,dgarettdu@businesswire.com,Male,24.82.239.234
500,Cornelia,Lamprey,clampreydv@spotify.com,Female,98.85.32.71
501,Cordula,Ochterlonie,cochterloniedw@independent.co.uk,Female,194.70.48.218
502,Rudd,Attkins,rattkinsdx@bizjournals.com,Male,11.12.19.44
503,Tobi,Surgeon,tsurgeondy@surveymonkey.com,Female,155.113.155.203
504,Giorgia,Senechell,gsenechelldz@fc2.com,Female,204.215.106.1
505,Judah,Mitchiner,jmitchinere0@cargocollective.com,Male,239.6.122.85
506,Pegeen,Atkins,patkinse1@nba.com,Female,233.49.235.22
507,Estrella,Airton,eairtone2@alexa.com,Female,169.177.107.187
508,Ferrell,Wallenger,fwallengere3@upenn.edu,Male,237.35.81.100
509,Winnie,Dunlop,wdunlope4@nba.com,Female,80.89.191.172
510,Janos,Sykes,jsykese5@vistaprint.com,Male,145.150.191.224
511,Gina,Jeaycock,gjeaycocke6@unicef.org,Female,144.61.66.103
512,Gae,Bess,gbesse7@ebay.com,Female,196.124.180.73
513,Iorgo,Brownsea,ibrownseae8@cbsnews.com,Male,72.106.3.71
514,Marchall,Girardey,mgirardeye9@mail.ru,Male,251.94.37.221
515,Patricia,McSwan,pmcswanea@4shared.com,Female,148.111.177.132
516,Corina,Bradborne,cbradborneeb@alexa.com,Female,80.45.20.185
517,Brockie,Loude,bloudeec@jimdo.com,Male,54.103.205.206
518,Gisella,Ambrogini,gambroginied@woothemes.com,Female,212.124.10.149
519,Willabella,Kench,wkenchee@indiegogo.com,Female,234.93.231.160
520,Iseabal,Adolphine,iadolphineef@mail.ru,Female,7.140.14.94
521,Howie,Exton,hextoneg@nifty.com,Male,26.70.228.201
522,Myrle,Slyde,mslydeeh@tripadvisor.com,Female,27.169.62.215
523,Eileen,Bavridge,ebavridgeei@marriott.com,Female,226.68.101.67
524,Johnna,Shawyers,jshawyersej@symantec.com,Female,14.204.241.208
525,Jordon,Pickering,jpickeringek@blogs.com,Male,125.255.205.68
526,Whitman,Naul,wnaulel@yellowbook.com,Male,53.177.236.239
527,Vida,Portugal,vportugalem@mashable.com,Female,154.58.162.198
528,Catherina,Paule,cpauleen@fema.gov,Female,196.88.39.12
529,Netta,Rapinett,nrapinetteo@ucla.edu,Female,98.145.144.23
530,Bess,Lillico,blillicoep@feedburner.com,Female,239.139.224.43
531,Pippy,Beddingham,pbeddinghameq@ycombinator.com,Female,130.128.80.206
532,Weider,Petzolt,wpetzolter@simplemachines.org,Male,142.159.166.210
533,Joelle,Baldam,jbaldames@businessweek.com,Female,17.88.76.123
534,Flossy,Koch,fkochet@unesco.org,Female,139.218.117.141
535,Faustine,Sallter,fsalltereu@smugmug.com,Female,36.221.183.233
536,Zachary,Pearl,zpearlev@jiathis.com,Male,23.27.169.1
537,Esteban,Blowers,eblowersew@berkeley.edu,Male,215.39.102.182
538,Fedora,Tiron,ftironex@4shared.com,Female,232.200.121.228
539,Benjy,Willshaw,bwillshawey@skyrock.com,Male,64.140.8.13
540,Agata,Devenport,adevenportez@indiatimes.com,Female,143.202.195.9
541,Federico,Emmanuele,femmanuelef0@altervista.org,Male,41.133.61.119
542,Addie,Wynch,awynchf1@harvard.edu,Female,7.246.128.177
543,Michaella,Duthy,mduthyf2@vkontakte.ru,Female,142.31.46.47
544,Nadya,Fairlam,nfairlamf3@jiathis.com,Female,153.22.136.226
545,Jules,Kilian,jkilianf4@cbc.ca,Male,54.134.20.142
546,Pearce,Lansdowne,plansdownef5@blogtalkradio.com,Male,58.231.160.11
547,Shellysheldon,Colleran,scolleranf6@netscape.com,Male,219.28.171.224
548,Ellsworth,Brandel,ebrandelf7@discuz.net,Male,116.62.148.136
549,Amabelle,Titchen,atitchenf8@jugem.jp,Female,242.200.105.193
550,Alyssa,Spencock,aspencockf9@usa.gov,Female,130.175.78.47
551,Fee,Lattimore,flattimorefa@gizmodo.com,Male,134.160.167.165
552,Marianna,Oldfield,moldfieldfb@zimbio.com,Female,196.67.141.43
553,Arte,Burdin,aburdinfc@discovery.com,Male,22.136.81.95
554,Wilona,Capsey,wcapseyfd@army.mil,Female,230.101.174.156
555,Nikolas,Raunds,nraundsfe@yahoo.co.jp,Male,151.234.148.81
556,Bernita,Mallord,bmallordff@google.de,Female,61.128.101.109
557,Tildy,Grzes,tgrzesfg@marriott.com,Female,250.237.80.109
558,Tonye,Gummoe,tgummoefh@macromedia.com,Female,65.22.16.5
559,Leonerd,Oyley,loyleyfi@linkedin.com,Male,222.225.153.66
560,Irwinn,Hentzeler,ihentzelerfj@pen.io,Male,55.225.171.57
561,Tessa,Haydney,thaydneyfk@jiathis.com,Female,58.254.205.63
562,Jessica,Davys,jdavysfl@indiatimes.com,Female,26.67.181.255
563,Karen,Mullett,kmullettfm@t.co,Female,113.83.60.210
564,Paige,Sandells,psandellsfn@economist.com,Female,55.252.97.31
565,Elliott,Sherreard,esherreardfo@pinterest.com,Male,106.228.126.154
566,Hermine,Kirton,hkirtonfp@reference.com,Female,58.251.18.116
567,Audie,Kopecka,akopeckafq@addtoany.com,Female,229.144.165.45
568,Isabella,Garred,igarredfr@stumbleupon.com,Female,60.91.104.11
569,Gladys,Calyton,gcalytonfs@a8.net,Female,204.234.186.21
570,Star,Rigg,sriggft@nationalgeographic.com,Female,31.114.248.161
571,Dylan,Hitschke,dhitschkefu@github.com,Male,175.91.152.234
572,Merrick,Klemz,mklemzfv@ted.com,Male,101.25.2.246
573,Sammy,Towl,stowlfw@accuweather.com,Female,223.196.131.64
574,Paulie,Domanski,pdomanskifx@cdc.gov,Female,73.251.202.238
575,Purcell,Fairall,pfairallfy@msn.com,Male,173.112.13.41
576,Julie,Renfrew,jrenfrewfz@zimbio.com,Male,172.92.6.205
577,Collin,Seccombe,cseccombeg0@tamu.edu,Male,123.122.134.78
578,Truda,Mulqueeny,tmulqueenyg1@skype.com,Female,155.246.231.158
579,Foster,Sargent,fsargentg2@nba.com,Male,123.217.253.25
580,Garek,Wiltshear,gwiltshearg3@addthis.com,Male,143.228.190.133
581,Burnard,Furmston,bfurmstong4@nydailynews.com,Male,229.194.187.179
582,Lorilee,Kneller,lknellerg5@is.gd,Female,13.23.178.196
583,Gallard,Bovaird,gbovairdg6@godaddy.com,Male,118.208.187.135
584,Gayla,Gimbart,ggimbartg7@friendfeed.com,Female,92.83.96.60
585,Redd,Wipfler,rwipflerg8@godaddy.com,Male,212.26.152.57
586,Frazier,Blamires,fblamiresg9@skype.com,Male,101.98.244.247
587,Micaela,Real,mrealga@ycombinator.com,Female,82.39.95.173
588,Torie,Breslau,tbreslaugb@geocities.jp,Female,113.239.184.81
589,Lurlene,Dowle,ldowlegc@oakley.com,Female,253.57.225.233
590,Jojo,Samsin,jsamsingd@si.edu,Female,137.119.115.142
591,Cordey,McGahey,cmcgaheyge@over-blog.com,Female,194.103.226.82
592,Giffard,Sutch,gsutchgf@disqus.com,Male,65.240.32.116
593,Ben,Lambrick,blambrickgg@xing.com,Male,142.137.143.112
594,Camilla,Challenger,cchallengergh@vinaora.com,Female,184.40.100.112
595,Dode,Wyeld,dwyeldgi@free.fr,Female,63.24.129.227
596,Michell,Klas,mklasgj@hubpages.com,Female,36.212.154.1
597,Jilleen,Doel,jdoelgk@facebook.com,Female,32.189.67.223
598,Twila,McGonigle,tmcgoniglegl@smugmug.com,Female,76.106.255.160
599,Gris,Apdell,gapdellgm@privacy.gov.au,Male,120.238.8.245
600,Wilhelmina,Desseine,wdesseinegn@biglobe.ne.jp,Female,116.77.251.40
601,Stanleigh,Riggs,sriggsgo@squarespace.com,Male,92.9.224.186
602,Kermy,Rodwell,krodwellgp@squidoo.com,Male,177.240.123.68
603,Emmaline,Garlette,egarlettegq@rakuten.co.jp,Female,5.150.102.64
604,Maire,Yurenev,myurenevgr@t-online.de,Female,185.237.42.90
605,Demetre,Yarrall,dyarrallgs@google.ru,Male,139.9.121.239
606,Lauri,Durnall,ldurnallgt@surveymonkey.com,Female,219.81.253.48
607,Weston,Alvarez,walvarezgu@example.com,Male,112.38.181.110
608,Perla,Comiam,pcomiamgv@foxnews.com,Female,196.123.133.46
609,Zachary,Dedham,zdedhamgw@discovery.com,Male,177.12.157.50
610,Desmund,Tilford,dtilfordgx@blogtalkradio.com,Male,92.211.139.92
611,Shae,Ellgood,sellgoodgy@symantec.com,Male,185.151.21.148
612,Ulric,Greenham,ugreenhamgz@xinhuanet.com,Male,150.140.6.14
613,Miner,Trowsdall,mtrowsdallh0@census.gov,Male,128.222.184.17
614,Niles,Fadian,nfadianh1@meetup.com,Male,215.8.142.162
615,Carlin,Bestwick,cbestwickh2@sfgate.com,Male,131.38.80.48
616,Janie,Goretti,jgorettih3@utexas.edu,Female,246.228.130.215
617,Marv,Rough,mroughh4@noaa.gov,Male,79.24.70.118
618,Jedediah,Gouldsmith,jgouldsmithh5@berkeley.edu,Male,20.127.247.136
619,Siward,Eldered,selderedh6@ycombinator.com,Male,195.159.196.99
620,Early,Cortes,ecortesh7@e-recht24.de,Male,65.247.169.220
621,Fidole,Chaulk,fchaulkh8@washingtonpost.com,Male,17.188.51.213
622,Ileana,Matantsev,imatantsevh9@list-manage.com,Female,49.201.135.99
623,Rosemarie,Shakspeare,rshakspeareha@state.gov,Female,116.4.239.64
624,Fifine,Penna,fpennahb@liveinternet.ru,Female,245.117.127.211
625,Norry,Diben,ndibenhc@cbc.ca,Male,123.83.7.183
626,Amery,Fraine,afrainehd@digg.com,Male,244.65.25.208
627,Dehlia,Jasper,djasperhe@irs.gov,Female,215.250.225.234
628,Valenka,Salandino,vsalandinohf@hexun.com,Female,235.250.103.103
629,Bryanty,Seid,bseidhg@plala.or.jp,Male,186.182.70.233
630,Katrina,Bossom,kbossomhh@wordpress.org,Female,178.70.187.9
631,Frannie,Philpots,fphilpotshi@nationalgeographic.com,Female,12.202.199.244
632,Rivy,Crabbe,rcrabbehj@auda.org.au,Female,47.97.162.213
633,Chaunce,Tidcomb,ctidcombhk@ow.ly,Male,186.184.87.24
634,Jeramey,Popland,jpoplandhl@gmpg.org,Male,227.166.60.131
635,Kendra,Zavattiero,kzavattierohm@chron.com,Female,77.152.45.66
636,Gage,Messenger,gmessengerhn@about.com,Male,162.105.233.138
637,Amos,Boyse,aboyseho@webnode.com,Male,46.178.86.214
638,Ricardo,Demogeot,rdemogeothp@buzzfeed.com,Male,158.106.74.138
639,Cora,McAvinchey,cmcavincheyhq@patch.com,Female,165.222.41.28
640,Truda,Whitnall,twhitnallhr@bluehost.com,Female,97.242.211.152
641,Pauline,Byrd,pbyrdhs@reference.com,Female,135.231.174.83
642,Kristoforo,Flores,kfloresht@themeforest.net,Male,29.41.164.211
643,Christy,Buckmaster,cbuckmasterhu@moonfruit.com,Female,63.154.98.147
644,Queenie,Stanier,qstanierhv@redcross.org,Female,114.148.151.249
645,Holt,Godard,hgodardhw@yale.edu,Male,182.71.139.95
646,August,Ambrogetti,aambrogettihx@google.cn,Male,99.176.31.44
647,Merrill,Theaker,mtheakerhy@bigcartel.com,Female,121.238.157.219
648,Kalindi,Bierman,kbiermanhz@hibu.com,Female,81.85.92.48
649,Karin,Gurg,kgurgi0@clickbank.net,Female,171.216.159.26
650,Corrie,Littlefair,clittlefairi1@comsenz.com,Male,148.15.89.182
651,Marchall,Mills,mmillsi2@army.mil,Male,243.139.15.101
652,Bernhard,Handley,bhandleyi3@alexa.com,Male,163.76.200.39
653,Rodi,Rosas,rrosasi4@sina.com.cn,Female,11.162.164.70
654,Pinchas,Itchingham,pitchinghami5@netlog.com,Male,209.3.73.105
655,Ranee,Priest,rpriesti6@wikimedia.org,Female,179.84.147.20
656,Rebekah,Kelner,rkelneri7@reuters.com,Female,88.4.166.254
657,Alister,Zorener,azoreneri8@live.com,Male,208.178.186.215
658,Gordie,Tague,gtaguei9@usnews.com,Male,202.154.189.36
659,Teddy,Pury,tpuryia@shareasale.com,Male,221.80.46.170
660,Forrest,Conduit,fconduitib@vk.com,Male,255.246.74.69
661,Kain,Maggiori,kmaggioriic@bandcamp.com,Male,47.18.144.116
662,Rosalie,Aird,rairdid@cmu.edu,Female,57.94.21.87
663,Eirena,Heasman,eheasmanie@is.gd,Female,161.114.106.18
664,Douglas,Sawood,dsawoodif@home.pl,Male,126.26.130.106
665,Charlean,Tunaclift,ctunacliftig@omniture.com,Female,125.144.186.102
666,Odilia,Hurring,ohurringih@loc.gov,Female,189.133.3.5
667,Datha,Mattityahou,dmattityahouii@redcross.org,Female,72.225.37.213
668,Jonah,Rewcassell,jrewcassellij@virginia.edu,Male,87.23.241.89
669,Carmencita,Bowdidge,cbowdidgeik@state.gov,Female,187.189.3.157
670,Lauraine,Ferronel,lferronelil@house.gov,Female,180.30.137.250
671,Concordia,Zeale,czealeim@rakuten.co.jp,Female,44.85.116.119
672,Penni,Devitt,pdevittin@bloglovin.com,Female,62.4.200.180
673,Stirling,Mitchiner,smitchinerio@epa.gov,Male,18.162.119.61
674,Hakim,Luffman,hluffmanip@free.fr,Male,169.20.226.36
675,Ethel,Bazelle,ebazelleiq@bbb.org,Female,105.202.161.172
676,Duky,Trainer,dtrainerir@dmoz.org,Male,27.249.143.251
677,Rubie,Abrahamsen,rabrahamsenis@yolasite.com,Female,33.16.178.156
678,Dorothee,Culley,dculleyit@geocities.jp,Female,134.197.134.194
679,Sabina,McRoberts,smcrobertsiu@newyorker.com,Female,139.245.191.1
680,Mommy,Grimshaw,mgrimshawiv@joomla.org,Female,161.203.88.236
681,Thurston,Saintpierre,tsaintpierreiw@apple.com,Male,104.110.165.57
682,Marv,Hedylstone,mhedylstoneix@friendfeed.com,Male,242.47.119.221
683,Prentiss,Oldacres,poldacresiy@digg.com,Male,211.46.171.192
684,Giacopo,Champerlen,gchamperleniz@google.com.br,Male,77.224.218.168
685,Cullen,Exposito,cexpositoj0@360.cn,Male,128.230.88.95
686,Mariya,Kave,mkavej1@jigsy.com,Female,24.251.60.199
687,Bobby,Pinshon,bpinshonj2@auda.org.au,Male,2.235.2.174
688,Buckie,Brosius,bbrosiusj3@ca.gov,Male,168.210.52.225
689,Randie,Barok,rbarokj4@webmd.com,Male,24.156.146.15
690,Rafe,Gippes,rgippesj5@cisco.com,Male,64.43.114.209
691,Kelsey,Cosham,kcoshamj6@huffingtonpost.com,Male,43.245.179.27
692,Udall,Hemphall,uhemphallj7@sciencedirect.com,Male,242.201.238.21
693,Rebbecca,Hasnney,rhasnneyj8@cnbc.com,Female,70.210.187.153
694,Harrie,Huyhton,hhuyhtonj9@state.tx.us,Female,154.85.11.98
695,Katine,Blinco,kblincoja@msu.edu,Female,83.14.101.26
696,Daven,Clapton,dclaptonjb@nasa.gov,Male,205.28.7.244
697,Hershel,Nappin,hnappinjc@flickr.com,Male,107.43.50.99
698,Cory,Rumsby,crumsbyjd@google.de,Male,59.6.20.190
699,Mabel,Cronshaw,mcronshawje@cbslocal.com,Female,120.132.89.206
700,Euphemia,Spearman,espearmanjf@drupal.org,Female,4.180.14.135
701,Sergeant,Sexcey,ssexceyjg@taobao.com,Male,49.86.152.0
702,Elfie,Roofe,eroofejh@yellowpages.com,Female,152.220.117.123
703,Meredith,Toun,mtounji@indiatimes.com,Male,178.129.146.179
704,Nikolos,Leverton,nlevertonjj@icio.us,Male,163.99.118.244
705,Delano,Gauld,dgauldjk@illinois.edu,Male,192.20.185.118
706,Gabriellia,Longden,glongdenjl@creativecommons.org,Female,99.167.130.254
707,Mic,Choak,mchoakjm@ehow.com,Male,127.206.6.34
708,Rianon,Foden,rfodenjn@unesco.org,Female,27.185.185.80
709,Sukey,Nerger,snergerjo@rakuten.co.jp,Female,23.10.121.22
710,Powell,Vernazza,pvernazzajp@tuttocitta.it,Male,196.97.85.114
711,Genna,Soutter,gsoutterjq@skyrock.com,Female,115.247.84.214
712,Natalina,Weale,nwealejr@t.co,Female,104.107.20.186
713,Deane,Reddell,dreddelljs@nifty.com,Female,128.70.182.17
714,Hildy,Le Friec,hlefriecjt@usgs.gov,Female,176.92.249.128
715,Gustavus,Hindshaw,ghindshawju@wikispaces.com,Male,111.7.131.177
716,Adelaida,Jentgens,ajentgensjv@trellian.com,Female,212.108.60.83
717,Yetta,Forrestill,yforrestilljw@freewebs.com,Female,36.53.15.71
718,Conny,Cotterell,ccotterelljx@bing.com,Male,85.95.9.87
719,Gallagher,Haddrill,ghaddrilljy@woothemes.com,Male,213.90.111.87
720,Morna,Glison,mglisonjz@sphinn.com,Female,68.28.152.173
721,Chiquia,Ambrosetti,cambrosettik0@rediff.com,Female,223.220.70.1
722,Pete,Eglin,peglink1@google.es,Male,87.29.31.251
723,Nikki,Caselick,ncaselickk2@barnesandnoble.com,Female,243.112.250.171
724,Drugi,Quye,dquyek3@reference.com,Male,73.59.26.70
725,Ardath,Denver,adenverk4@tripod.com,Female,120.188.142.92
726,Jory,Chaudret,jchaudretk5@photobucket.com,Male,104.101.183.29
727,Justis,Carver,jcarverk6@networksolutions.com,Male,160.32.36.101
728,Manfred,Bugg,mbuggk7@nyu.edu,Male,62.13.189.16
729,Dino,Jerratsch,djerratschk8@tripadvisor.com,Male,3.76.221.84
730,Cordey,Dimont,cdimontk9@behance.net,Female,159.242.107.237
731,Toma,Grimditch,tgrimditchka@ucoz.com,Female,114.8.15.243
732,Lilian,Busst,lbusstkb@sciencedaily.com,Female,11.202.173.165
733,Elmer,Theml,ethemlkc@bloglovin.com,Male,135.223.44.221
734,Shelia,Skayman,sskaymankd@gmpg.org,Female,236.173.15.91
735,Maryrose,Torn,mtornke@ed.gov,Female,40.163.86.224
736,Casie,Houlson,choulsonkf@weibo.com,Female,240.235.238.186
737,Carlyn,Grossman,cgrossmankg@tinyurl.com,Female,177.89.196.19
738,Erek,Bricket,ebricketkh@whitehouse.gov,Male,200.247.94.210
739,Margery,Chaves,mchaveski@odnoklassniki.ru,Female,1.178.220.94
740,Waverley,Piletic,wpiletickj@booking.com,Male,133.166.157.31
741,Myca,Laville,mlavillekk@unicef.org,Male,106.228.6.214
742,Ulrika,Medway,umedwaykl@wordpress.org,Female,203.204.198.203
743,Lynnette,Dedney,ldedneykm@smugmug.com,Female,125.92.123.14
744,Rora,Ferenc,rferenckn@intel.com,Female,237.108.22.40
745,Demott,Landrieu,dlandrieuko@hhs.gov,Male,57.233.10.87
746,Bordie,Jirus,bjiruskp@dropbox.com,Male,109.90.34.85
747,Raimund,Flageul,rflageulkq@surveymonkey.com,Male,114.91.190.103
748,Jarrad,Furbank,jfurbankkr@woothemes.com,Male,108.224.77.10
749,Stefanie,Seres,sseresks@scribd.com,Female,187.211.82.33
750,Anett,Brightman,abrightmankt@taobao.com,Female,50.38.97.234
751,Filippo,Budgey,fbudgeyku@chronoengine.com,Male,98.101.90.211
752,Ida,Sherman,ishermankv@whitehouse.gov,Female,124.145.214.143
753,Jeffy,Lauritsen,jlauritsenkw@msu.edu,Male,180.157.81.105
754,Taddeusz,Tressler,ttresslerkx@shop-pro.jp,Male,123.3.215.4
755,Clevie,Covey,ccoveyky@techcrunch.com,Male,250.82.203.183
756,Merla,Causley,mcausleykz@archive.org,Female,36.12.144.99
757,Gayle,Sertin,gsertinl0@skype.com,Female,251.203.183.156
758,Wendy,Darrigrand,wdarrigrandl1@upenn.edu,Female,129.39.101.80
759,Terrance,Cliss,tclissl2@whitehouse.gov,Male,247.49.97.25
760,Gallard,Gerdes,ggerdesl3@prnewswire.com,Male,53.175.226.142
761,Yorgos,Durnall,ydurnalll4@1688.com,Male,15.129.93.98
762,Flossy,Khristyukhin,fkhristyukhinl5@craigslist.org,Female,109.212.218.39
763,Levin,Janic,ljanicl6@tinyurl.com,Male,231.160.213.71
764,Leigh,Garrod,lgarrodl7@bloglines.com,Male,65.144.225.109
765,Georges,Quinnette,gquinnettel8@posterous.com,Male,70.227.182.221
766,Shirlene,Flay,sflayl9@rakuten.co.jp,Female,172.78.117.68
767,Gunilla,Chaloner,gchalonerla@wunderground.com,Female,34.111.92.242
768,Elmore,Mancell,emancelllb@linkedin.com,Male,228.237.174.9
769,Homerus,Stiegar,hstiegarlc@buzzfeed.com,Male,54.196.251.208
770,Juan,Satterly,jsatterlyld@google.com.au,Male,14.100.137.60
771,Marlow,Isley,misleyle@nytimes.com,Male,210.157.7.202
772,Roby,Stribbling,rstribblinglf@fema.gov,Female,224.138.0.75
773,Cosetta,Sainsbury,csainsburylg@hatena.ne.jp,Female,78.81.155.47
774,Dion,Bulgen,dbulgenlh@desdev.cn,Female,220.232.38.181
775,Lucienne,Mynard,lmynardli@google.it,Female,118.44.239.183
776,Tommy,Yashanov,tyashanovlj@github.com,Female,243.225.80.168
777,Isidor,Jaulmes,ijaulmeslk@noaa.gov,Male,139.58.137.81
778,Halsy,Spelwood,hspelwoodll@cloudflare.com,Male,32.118.218.224
779,Adella,Goodwins,agoodwinslm@google.nl,Female,11.199.33.227
780,Skye,Hows,showsln@nps.gov,Male,89.87.29.173
781,Elfrida,Ambrogi,eambrogilo@nytimes.com,Female,217.178.26.96
782,Luce,Saddleton,lsaddletonlp@cocolog-nifty.com,Female,140.123.216.215
783,Kerk,Wrigley,kwrigleylq@photobucket.com,Male,202.205.90.7
784,Vi,Hilland,vhillandlr@angelfire.com,Female,225.183.196.128
785,Kyrstin,Swinnard,kswinnardls@hexun.com,Female,102.33.221.206
786,Ali,Dunseath,adunseathlt@smh.com.au,Male,36.52.149.61
787,Cazzie,Blakes,cblakeslu@symantec.com,Male,23.201.24.113
788,Briny,Josey,bjoseylv@miitbeian.gov.cn,Female,238.18.228.103
789,Willi,Glitherow,wglitherowlw@dmoz.org,Female,12.217.230.125
790,Drona,Gaggen,dgaggenlx@csmonitor.com,Female,116.75.127.1
791,Urbano,Valler,uvallerly@psu.edu,Male,216.225.250.171
792,Reinhard,Keasy,rkeasylz@mysql.com,Male,104.12.229.45
793,Vaughn,Abbatt,vabbattm0@census.gov,Male,134.70.46.173
794,Adela,Instock,ainstockm1@twitpic.com,Female,79.129.31.180
795,Lilllie,Beaty,lbeatym2@hubpages.com,Female,187.251.163.121
796,Preston,Pirazzi,ppirazzim3@businessweek.com,Male,116.170.245.45
797,Germayne,Gregor,ggregorm4@domainmarket.com,Male,61.44.136.233
798,Killian,Fibbens,kfibbensm5@thetimes.co.uk,Male,96.149.14.208
799,Temp,Pullman,tpullmanm6@jigsy.com,Male,85.36.102.244
800,Madge,Phelipeaux,mphelipeauxm7@fda.gov,Female,104.40.178.2
801,Osmund,Lepard,olepardm8@webnode.com,Male,141.37.205.162
802,Jacquetta,Gibberd,jgibberdm9@sfgate.com,Female,5.157.4.136
803,Coretta,Shere,csherema@columbia.edu,Female,251.193.102.73
804,My,Bunstone,mbunstonemb@github.io,Male,16.169.69.12
805,Carlynne,Bucknill,cbucknillmc@unesco.org,Female,70.160.217.35
806,Basia,Shillam,bshillammd@1und1.de,Female,213.240.125.161
807,Alexine,Ickowics,aickowicsme@wsj.com,Female,73.75.165.33
808,Nollie,Etheridge,netheridgemf@1und1.de,Female,82.116.76.73
809,Walt,Ellsom,wellsommg@list-manage.com,Male,0.77.188.12
810,Hope,Giron,hgironmh@gravatar.com,Female,145.242.30.16
811,Reid,Quartermaine,rquartermainemi@etsy.com,Male,113.220.164.211
812,Doralin,Hussell,dhussellmj@loc.gov,Female,56.41.242.44
813,Mikaela,Yerrington,myerringtonmk@java.com,Female,115.18.95.1
814,Abbie,Yeomans,ayeomansml@amazonaws.com,Female,86.58.14.43
815,Bordy,Stevings,bstevingsmm@so-net.ne.jp,Male,48.101.246.188
816,Isidoro,Rubinfajn,irubinfajnmn@jugem.jp,Male,139.29.217.4
817,Field,Issacoff,fissacoffmo@blogger.com,Male,151.141.23.20
818,Alaine,Railton,arailtonmp@wisc.edu,Female,19.183.232.108
819,Wang,Wilstead,wwilsteadmq@wsj.com,Male,125.49.104.164
820,Monique,Acuna,macunamr@army.mil,Female,84.144.139.236
821,Riane,Bate,rbatems@com.com,Female,220.185.51.161
822,Khalil,Unstead,kunsteadmt@sakura.ne.jp,Male,104.110.28.95
823,Noah,Cuttler,ncuttlermu@unesco.org,Male,68.250.192.13
824,Zaccaria,Quinion,zquinionmv@fema.gov,Male,52.161.165.9
825,Laure,Nixon,lnixonmw@harvard.edu,Female,80.212.99.231
826,Tomasine,Kinghorne,tkinghornemx@parallels.com,Female,115.102.201.192
827,Babbette,Videan,bvideanmy@shinystat.com,Female,16.56.212.231
828,Micky,Volett,mvolettmz@elegantthemes.com,Male,91.147.194.11
829,Elsbeth,Halliburton,ehalliburtonn0@businessweek.com,Female,181.92.137.39
830,Charmain,Bowcock,cbowcockn1@mail.ru,Female,246.92.192.154
831,Cora,Jager,cjagern2@feedburner.com,Female,192.98.116.255
832,Darsey,Hasel,dhaseln3@behance.net,Female,91.6.56.164
833,Margie,Morefield,mmorefieldn4@ucsd.edu,Female,224.100.106.236
834,Artemis,Spurgeon,aspurgeonn5@bravesites.com,Male,243.215.42.90
835,Emmery,Brasner,ebrasnern6@google.com.hk,Male,70.4.30.171
836,Cooper,Matzel,cmatzeln7@imageshack.us,Male,66.130.196.78
837,Stavros,Szabo,sszabon8@howstuffworks.com,Male,131.245.44.88
838,Alphonse,Brandassi,abrandassin9@cocolog-nifty.com,Male,115.104.21.235
839,Gordon,Reah,greahna@columbia.edu,Male,6.117.172.81
840,Carilyn,Healy,chealynb@sciencedaily.com,Female,255.67.77.63
841,Nessy,Killick,nkillicknc@friendfeed.com,Female,155.116.88.161
842,Roberta,Beare,rbearend@ca.gov,Female,50.49.40.200
843,Timofei,McGroarty,tmcgroartyne@noaa.gov,Male,33.51.92.188
844,Elisabeth,Durtnell,edurtnellnf@reference.com,Female,73.187.200.68
845,Marlie,Petigrew,mpetigrewng@answers.com,Female,167.49.109.58
846,Roderich,Puddan,rpuddannh@harvard.edu,Male,9.137.240.8
847,Bone,Kalisch,bkalischni@google.ca,Male,4.138.140.83
848,Etan,Mark,emarknj@bravesites.com,Male,46.87.177.213
849,Hildagarde,Bodham,hbodhamnk@globo.com,Female,103.78.149.218
850,Currey,Labes,clabesnl@tiny.cc,Male,152.39.18.236
851,Francklyn,Charman,fcharmannm@aboutads.info,Male,244.44.203.92
852,Marcus,Ferreras,mferrerasnn@vk.com,Male,78.210.155.76
853,Sheppard,Stych,sstychno@patch.com,Male,65.79.37.116
854,Abbi,Astell,aastellnp@google.ru,Female,74.17.95.156
855,Bertie,Melley,bmelleynq@stumbleupon.com,Female,108.116.133.245
856,Maria,Jarvie,mjarvienr@usnews.com,Female,200.205.172.93
857,Letizia,Masedon,lmasedonns@google.cn,Female,233.40.35.231
858,Sawyer,Terese,steresent@pen.io,Male,49.49.33.79
859,Kerk,Tabard,ktabardnu@icio.us,Male,180.102.121.249
860,Egon,Stovin,estovinnv@uol.com.br,Male,35.85.108.203
861,Michael,Liffe,mliffenw@goodreads.com,Male,75.24.37.204
862,Krissy,Smeed,ksmeednx@themeforest.net,Female,26.165.166.60
863,Marlowe,Beake,mbeakeny@sciencedaily.com,Male,244.114.93.49
864,Cindelyn,Capelow,ccapelownz@tmall.com,Female,221.229.53.147
865,Mil,Haacker,mhaackero0@disqus.com,Female,159.241.164.112
866,Krystalle,Lewisham,klewishamo1@infoseek.co.jp,Female,251.150.198.196
867,Burke,Parlatt,bparlatto2@bigcartel.com,Male,186.68.17.62
868,Marja,Royston,mroystono3@ustream.tv,Female,102.131.182.77
869,Harrie,Tomley,htomleyo4@mac.com,Female,89.186.98.206
870,Lorena,Tsar,ltsaro5@wordpress.com,Female,222.228.24.88
871,Felipa,McNeillie,fmcneillieo6@istockphoto.com,Female,134.19.55.215
872,Danika,Klarzynski,dklarzynskio7@hubpages.com,Female,61.26.142.248
873,Reinaldo,Bowmer,rbowmero8@typepad.com,Male,168.52.140.30
874,Hadleigh,Gounod,hgounodo9@ovh.net,Male,141.232.184.35
875,Keeley,MacFie,kmacfieoa@businessinsider.com,Female,83.57.187.156
876,Galen,Siveter,gsiveterob@hp.com,Male,118.221.217.97
877,Rolph,Balnave,rbalnaveoc@upenn.edu,Male,229.185.18.16
878,Fleming,Gowlett,fgowlettod@wunderground.com,Male,72.119.122.228
879,Mabelle,Makey,mmakeyoe@wp.com,Female,134.242.37.81
880,Rene,Rubra,rrubraof@imageshack.us,Female,171.184.69.193
881,Robyn,Cleall,rcleallog@nhs.uk,Female,158.229.128.108
882,Annadiane,Smith,asmithoh@opera.com,Female,175.190.141.242
883,Joanna,Cohrs,jcohrsoi@sohu.com,Female,145.164.218.145
884,Gardy,Trenbey,gtrenbeyoj@statcounter.com,Male,60.18.130.228
885,Jana,Pragnall,jpragnallok@wsj.com,Female,132.244.145.91
886,Quinn,Laytham,qlaythamol@berkeley.edu,Male,14.130.229.112
887,Otto,Neath,oneathom@1688.com,Male,68.177.231.33
888,Temp,Costy,tcostyon@npr.org,Male,21.22.10.18
889,Luca,Hargrave,lhargraveoo@printfriendly.com,Male,135.146.220.225
890,Keefe,Jelleman,kjellemanop@liveinternet.ru,Male,191.251.235.214
891,Cobby,Gut,cgutoq@dyndns.org,Male,130.232.131.194
892,Margie,Collens,mcollensor@comcast.net,Female,73.97.229.69
893,Yurik,Bagshaw,ybagshawos@cbc.ca,Male,225.149.74.183
894,Mack,Iglesia,miglesiaot@jimdo.com,Male,110.245.9.84
895,Lyndsie,Cullon,lcullonou@123-reg.co.uk,Female,139.243.112.110
896,Petrina,Pollett,ppollettov@utexas.edu,Female,238.174.76.220
897,Ruddie,Batthew,rbatthewow@globo.com,Male,48.255.139.96
898,Hilario,L' Estrange,hlestrangeox@europa.eu,Male,218.101.143.250
899,Lonee,Sloy,lsloyoy@howstuffworks.com,Female,13.121.166.104
900,Umeko,Euston,ueustonoz@webmd.com,Female,94.54.88.51
901,Wilfred,Ballay,wballayp0@google.cn,Male,200.139.110.112
902,Harcourt,Botfield,hbotfieldp1@scribd.com,Male,165.102.25.237
903,Boigie,Dallimare,bdallimarep2@illinois.edu,Male,84.8.160.203
904,Crissy,Vasse,cvassep3@usnews.com,Female,123.49.146.115
905,Brear,Meynell,bmeynellp4@cafepress.com,Female,107.117.188.104
906,Elicia,Osburn,eosburnp5@skype.com,Female,160.114.102.24
907,Donetta,Brookfield,dbrookfieldp6@sphinn.com,Female,183.39.129.207
908,Liz,Godding,lgoddingp7@bbb.org,Female,225.253.89.144
909,Marylynne,Haxbie,mhaxbiep8@newsvine.com,Female,165.134.220.128
910,Tani,Schruyer,tschruyerp9@baidu.com,Female,180.184.200.42
911,Nikolaos,Blyth,nblythpa@miibeian.gov.cn,Male,199.114.207.153
912,Des,Clear,dclearpb@webeden.co.uk,Male,228.152.219.90
913,Georgie,Butland,gbutlandpc@whitehouse.gov,Male,227.224.167.233
914,Tanner,Eardley,teardleypd@irs.gov,Male,27.167.184.81
915,Daron,Gutowski,dgutowskipe@nydailynews.com,Female,112.53.183.205
916,Rurik,Allum,rallumpf@google.co.uk,Male,118.193.24.152
917,Gale,Donnelly,gdonnellypg@feedburner.com,Female,191.109.140.222
918,Osmund,Myton,omytonph@wufoo.com,Male,199.58.126.42
919,Zea,Whilder,zwhilderpi@paypal.com,Female,177.33.95.11
920,Gaile,Tilberry,gtilberrypj@slashdot.org,Male,25.114.56.219
921,Freedman,Martinot,fmartinotpk@un.org,Male,250.239.196.101
922,Ursula,McAdam,umcadampl@nationalgeographic.com,Female,192.223.33.112
923,Gabie,Saffill,gsaffillpm@cnn.com,Female,227.194.225.102
924,Hatti,Petroff,hpetroffpn@google.com.au,Female,124.144.163.128
925,Demetri,Tortis,dtortispo@virginia.edu,Male,22.199.211.120
926,Eyde,Rumbelow,erumbelowpp@hp.com,Female,29.188.192.222
927,Jeri,Andri,jandripq@yandex.ru,Female,198.206.118.28
928,Chadd,Lowcock,clowcockpr@arizona.edu,Male,147.201.64.225
929,Hilly,Hellwing,hhellwingps@mashable.com,Male,38.133.219.135
930,Rees,Walpole,rwalpolept@omniture.com,Male,213.47.43.128
931,Nissie,Mercer,nmercerpu@is.gd,Female,85.48.1.111
932,Lucius,Hawke,lhawkepv@storify.com,Male,87.41.15.203
933,Kelbee,Soame,ksoamepw@woothemes.com,Male,162.215.189.239
934,Myer,Fassbindler,mfassbindlerpx@hhs.gov,Male,215.225.207.139
935,Connie,Desvignes,cdesvignespy@zdnet.com,Female,205.42.197.227
936,Wylma,Warbeys,wwarbeyspz@trellian.com,Female,114.118.42.1
937,Hettie,Fullerlove,hfullerloveq0@ycombinator.com,Female,16.72.147.135
938,Elmo,Hollingdale,ehollingdaleq1@loc.gov,Male,30.112.132.207
939,Gordie,Tabram,gtabramq2@ning.com,Male,127.248.252.212
940,Giralda,Altofts,galtoftsq3@bluehost.com,Female,84.52.157.64
941,Mack,De Laspee,mdelaspeeq4@comsenz.com,Male,112.251.230.83
942,Tristam,Squeers,tsqueersq5@lulu.com,Male,207.200.162.100
943,Sigismond,Marcus,smarcusq6@hibu.com,Male,175.50.210.236
944,Stephannie,Seczyk,sseczykq7@miitbeian.gov.cn,Female,232.21.235.192
945,Jewelle,Marques,jmarquesq8@princeton.edu,Female,27.24.219.86
946,Ignazio,Cozins,icozinsq9@cbc.ca,Male,180.225.98.119
947,Job,Cuddon,jcuddonqa@oaic.gov.au,Male,108.124.77.151
948,Clerkclaude,Ivanishev,civanishevqb@shop-pro.jp,Male,181.94.9.109
949,Ellary,Mearing,emearingqc@cdc.gov,Male,175.82.179.51
950,Deanna,Haswell,dhaswellqd@msn.com,Female,9.143.251.204
951,Rossy,Eddisford,reddisfordqe@tamu.edu,Male,98.7.120.137
952,Alexis,Crossgrove,acrossgroveqf@seesaa.net,Male,145.80.163.236
953,Francklyn,Ballinghall,fballinghallqg@google.ru,Male,197.193.221.140
954,Carrol,Nattriss,cnattrissqh@paypal.com,Male,167.14.99.240
955,Buddie,Frood,bfroodqi@springer.com,Male,146.138.56.85
956,Dori,Monteath,dmonteathqj@tumblr.com,Female,216.143.126.105
957,Jeremiah,Kinnier,jkinnierqk@time.com,Male,235.78.62.59
958,Elmo,Maslin,emaslinql@mtv.com,Male,126.98.74.75
959,Ned,Palley,npalleyqm@1und1.de,Male,91.144.181.27
960,Scotti,Janssens,sjanssensqn@flavors.me,Male,103.167.166.29
961,Abagail,Hanvey,ahanveyqo@tiny.cc,Female,114.115.167.148
962,Uta,Bazley,ubazleyqp@imdb.com,Female,84.5.112.217
963,Branden,Alvy,balvyqq@cnbc.com,Male,186.111.237.74
964,Tab,Elby,telbyqr@jiathis.com,Male,187.181.82.39
965,Tedi,Steedman,tsteedmanqs@skype.com,Female,211.154.106.116
966,Tammy,Feeny,tfeenyqt@cnbc.com,Male,190.33.147.167
967,Vachel,Bissiker,vbissikerqu@slashdot.org,Male,185.48.123.110
968,Gisella,Keysel,gkeyselqv@taobao.com,Female,202.10.46.40
969,Dexter,Fall,dfallqw@instagram.com,Male,75.39.23.117
970,Reamonn,Dymott,rdymottqx@un.org,Male,239.21.239.131
971,Rakel,Huckerby,rhuckerbyqy@spotify.com,Female,11.6.205.141
972,Valdemar,Colicot,vcolicotqz@i2i.jp,Male,76.91.145.29
973,Duffie,Tournay,dtournayr0@digg.com,Male,156.116.185.65
974,Kerianne,Slafford,kslaffordr1@devhub.com,Female,203.99.32.205
975,Ambrose,Sepey,asepeyr2@google.fr,Male,175.40.213.168
976,Ailbert,Murrill,amurrillr3@opensource.org,Male,202.165.254.248
977,Hayley,Bener,hbenerr4@barnesandnoble.com,Female,240.95.55.105
978,Egbert,Brightey,ebrighteyr5@oracle.com,Male,130.249.243.146
979,Dar,Stubbington,dstubbingtonr6@indiatimes.com,Male,206.21.47.28
980,Dov,Kippie,dkippier7@amazon.de,Male,15.98.201.91
981,Hanan,Wride,hwrider8@ucoz.com,Male,227.44.156.115
982,Blaire,Lepard,blepardr9@ucoz.ru,Female,88.49.254.65
983,Cosmo,Lowater,clowaterra@is.gd,Male,108.124.148.47
984,Averil,Begin,abeginrb@hexun.com,Female,193.230.27.210
985,Farrel,Vallack,fvallackrc@cdc.gov,Male,103.143.44.132
986,Aguie,Glencorse,aglencorserd@reddit.com,Male,87.232.127.65
987,Emmaline,Petriello,epetriellore@ucsd.edu,Female,140.157.239.43
988,Gael,Guerrieri,gguerrierirf@sourceforge.net,Female,98.233.114.111
989,Hewitt,Vere,hvererg@surveymonkey.com,Male,210.32.190.196
990,Traver,Videneev,tvideneevrh@fc2.com,Male,236.114.97.180
991,Gaspar,Websdale,gwebsdaleri@flickr.com,Male,181.225.128.222
992,Gaynor,Ditter,gditterrj@wordpress.org,Female,79.241.185.82
993,Ban,Berndtsson,bberndtssonrk@cmu.edu,Male,224.74.223.62
994,Sam,Rickesies,srickesiesrl@un.org,Female,92.80.78.122
995,Janene,Butfield,jbutfieldrm@wufoo.com,Female,36.26.87.98
996,Fawnia,Skey,fskeyrn@phpbb.com,Female,60.219.53.23
997,Dede,Ellicombe,dellicombero@google.co.jp,Female,211.44.47.225
998,Jimmy,Brandenburg,jbrandenburgrp@plala.or.jp,Male,30.176.109.34
999,Spense,Gossan,sgossanrq@dell.com,Male,123.18.203.193
1000,Flss,Millberg,fmillbergrr@mozilla.org,Female,42.163.183.126
